INSERT INTO `departamentos` VALUES (7,'Arqueología','Arq','2016-01-25 09:01:11','2016-03-06 01:48:01'),(8,'Museografía','Mus','2016-01-25 09:01:11','2016-03-06 01:48:01'),(9,'Dirección','DirMNA','2016-01-25 09:01:11','2016-03-06 01:48:01'),(10,'Informática','DepInf','2016-01-25 09:01:11','2016-03-06 01:48:01'),(12,'Subdirección de etnografía','SubEtn','2016-01-25 09:01:11','2016-03-06 01:48:01'),(13,'Subdirección técnica','SubTEC','2016-01-25 09:01:11','2016-03-06 01:48:01'),(14,'Restauración','Rest','2016-01-25 09:01:11','2016-03-06 01:48:01'),(16,'Promoción cultural','PrCult','2016-01-25 09:01:11','2016-03-06 01:48:01'),(20,'Recursos Humanos','RecHum','2016-01-25 09:01:11','2016-03-06 01:48:01'),(21,'Servicios Educativos','SerEdu','2016-01-25 09:01:11','2016-03-06 01:48:01'),(22,'Recursos Financieros','RecFin','2016-01-25 09:01:11','2016-03-06 01:48:01'),(24,'Seguridad','Seg','2016-01-25 09:01:11','2016-03-06 01:48:01'),(31,'Archivo histórico','ArcHis','2016-01-25 09:01:11','2016-03-06 01:48:01'),(35,'Subdirección administrativa','SubAdm','2016-01-25 09:01:11','2016-03-06 01:48:01'),(36,'Servicios Generales','SerGen','2016-01-25 09:01:11','2016-03-06 01:48:01'),(43,'Etnografía','Etn','2016-01-25 09:01:11','2016-03-06 01:48:01'),(50,'Digitalización ','xxxxx','2016-01-25 09:01:11','2016-03-06 01:48:01'),(51,'Movimiento de Colecciones','MovCol','2016-01-25 09:01:11','2016-03-06 01:48:01'),(61,'Proyecto de Digitalización','xxxxx','2016-01-25 09:01:11','2016-03-06 01:48:01'),(62,'Subdirección de Museografía','SubMus','2016-01-25 09:01:11','2016-03-06 01:48:01');
INSERT INTO `users` VALUES (1,'César Gasca',7,'cgasca','asdf','','2016-01-25 09:01:11','2016-03-06 01:48:01'),(2,'Sergio Torres',10,'storres','123123','','2016-01-25 09:01:11','2016-03-06 01:48:01'),(3,'Juan José Vazquez',12,'jvazquez','asdf','','2016-01-25 09:01:11','2016-03-06 01:48:01'),(4,'Juan Martínez Martínez',9,'jmartinez','123123','','2016-01-25 09:01:11','2016-03-06 01:48:01'),(5,'Antonio Ledesma Alpizar',13,'aledesma','123123','','2016-01-25 09:01:11','2016-03-06 01:48:01');


INSERT INTO `proyectos`(`id`, `name`, `usuario_id`, `clave`, `created_at`, `updated_at`) VALUES (3,'GASTO BÁSICO',1,'','2016-01-25 09:01:11','2016-03-06 01:48:01'),(4,'CONACYTE-12932',2,'','2016-01-25 09:01:11','2016-03-06 01:48:01'),(5,'NANOFART-5885',3,'','2016-01-25 09:01:11','2016-03-06 01:48:01'),(6,'ACT Y ORD COLECCIONES ARQUEOLÓGICAS-9203',4,'','2016-01-25 09:01:11','2016-03-06 01:48:01'),(7,'ARQ HUEYATLACO-3466',5,'','2016-01-25 09:01:11','2016-03-06 01:48:01'),(8,'COMUNICACIÓN EDUCATIVA-5628',4,'','2016-01-25 09:01:11','2016-03-06 01:48:01'),(9,'DIFUSIÓN CULTURAL Y ACADÉMICA-8995',3,'','2016-01-25 09:01:11','2016-03-06 01:48:01'),(10,'DIGITALIZACIÓN-8889',2,'','2016-01-25 09:01:11','2016-03-06 01:48:01');

INSERT INTO `deptos__proyectos`(`id`, `departamento_id`, `proyecto_id`, `created_at`, `updated_at`) VALUES (1,7,3,'2016-01-25 09:01:11','2016-03-06 01:48:01'),(2,8,3,'2016-01-25 09:01:11','2016-03-06 01:48:01'),(3,9,3,'2016-01-25 09:01:11','2016-03-06 01:48:01'),(4,10,4,'2016-01-25 09:01:11','2016-03-06 01:48:01'),(5,12,5,'2016-01-25 09:01:11','2016-03-06 01:48:01'),(6,13,6,'2016-01-25 09:01:11','2016-03-06 01:48:01'),(7,14,7,'2016-01-25 09:01:11','2016-03-06 01:48:01'),(8,16,8,'2016-01-25 09:01:11','2016-03-06 01:48:01'),(9,20,9,'2016-01-25 09:01:11','2016-03-06 01:48:01'),(10,21,10,'2016-01-25 09:01:11','2016-03-06 01:48:01'),(11,7,10,'2016-01-25 09:01:11','2016-03-06 01:48:01');

INSERT INTO `periodos`(`id`, `presupuesto`, `inicio`, `fin`, `created_at`, `updated_at`) VALUES (1,100000.00,'Enero','Diciembre','2016-01-01','2016-12-31'),(2,100000.00,'Enero','Diciembre','2017-01-01','2017-12-31');

INSERT INTO `recursos`(`monto`, `proyecto_id`, `usuario_id`, `periodo_id`, `created_at`, `updated_at`) VALUES (50000.00,3,1,1,'2016-01-25 09:01:11','2016-03-06 01:48:01'),(50000.00,3,2,1,'2016-01-25 09:01:11','2016-03-06 01:48:01'),(50000.00,4,1,2,'2016-01-25 09:01:11','2016-03-06 01:48:01');

INSERT INTO `solins`(`id`, `folio`, `proyecto_id`, `usuario_cr_id`, `usuario_c_id`, `usuario_a_id`, `periodo_id`, `monto`, `descrpcion`, `pago`, `n_pago`, `status`, `created_at`, `updated_at`) VALUES (1,'DepInf-2016-1',3,2,'1','1',1,15000.00,'compra de cable utp para feria del libro','con_cheque','Sergio Torres',0,'2016-12-26 06:03:45','2016-12-27 20:50:59'),(2,'DepInf-2016-2',3,1,'1','1',2,25000.00,'compra de discos duros para NAS','con_cheque','Sergio Torres',1,'2016-12-26 06:06:36','2016-12-28 15:17:30');

